Niklas Bergqvist head of government Stockholm,Niklas Bergqvist born in Stockholm,0.6948041319847107,0.6842210292816162,43.85125918866075,57.41984726626798
Niklas Bergqvist country Stockholm,Niklas Bergqvist born in Stockholm,0.6948041319847107,0.6344005465507507,43.85125918866075,63.3393143485351
